year,month,day,title,description,imageUrl,details
2024,12,2,Madison Square Garden,New Year's Eve Show,/images/tickets/2024/msg.jpg,Floor tickets
2024,8,6,The Gorge Amphitheatre,Summer Tour,/images/tickets/2024/gorge.jpg,Lawn tickets
2024,6,5,Dick's Sporting Goods Park,Labor Day Weekend,/images/tickets/2023/dicks.jpg,Field tickets
2024,11,6,Madison Square Garden,New Year's Eve Show,/images/tickets/2024/msg.jpg,Floor tickets
2024,6,6,The Gorge Amphitheatre,Summer Tour,/images/tickets/2024/gorge.jpg,Lawn tickets
2024,6,25,Dick's Sporting Goods Park,Labor Day Weekend,/images/tickets/2023/dicks.jpg,Field tickets
2024,12,2,Madison Square Garden,New Year's Eve Show,/images/tickets/2024/msg.jpg,Floor tickets
2024,8,6,The Gorge Amphitheatre,Summer Tour,/images/tickets/2024/gorge.jpg,Lawn tickets
2024,6,5,Dick's Sporting Goods Park,Labor Day Weekend,/images/tickets/2023/dicks.jpg,Field tickets
2023,11,6,Madison Square Garden,New Year's Eve Show,/images/tickets/2024/msg.jpg,Floor tickets
2023,6,6,The Gorge Amphitheatre,Summer Tour,/images/tickets/2024/gorge.jpg,Lawn tickets
2023,6,25,Dick's Sporting Goods Park,Labor Day Weekend,/images/tickets/2023/dicks.jpg,Field tickets
2023,12,2,Madison Square Garden,New Year's Eve Show,/images/tickets/2024/msg.jpg,Floor tickets
2023,8,6,The Gorge Amphitheatre,Summer Tour,/images/tickets/2024/gorge.jpg,Lawn tickets
2023,6,5,Dick's Sporting Goods Park,Labor Day Weekend,/images/tickets/2023/dicks.jpg,Field tickets
2023,11,6,Madison Square Garden,New Year's Eve Show,/images/tickets/2024/msg.jpg,Floor tickets
2023,6,6,The Gorge Amphitheatre,Summer Tour,/images/tickets/2024/gorge.jpg,Lawn tickets
2023,6,25,Dick's Sporting Goods Park,Labor Day Weekend,/images/tickets/2023/dicks.jpg,Field tickets
2023,12,2,Madison Square Garden,New Year's Eve Show,/images/tickets/2024/msg.jpg,Floor tickets
2023,8,6,The Gorge Amphitheatre,Summer Tour,/images/tickets/2024/gorge.jpg,Lawn tickets
2023,6,5,Dick's Sporting Goods Park,Labor Day Weekend,/images/tickets/2023/dicks.jpg,Field tickets
2022,11,6,Madison Square Garden,New Year's Eve Show,/images/tickets/2024/msg.jpg,Floor tickets
2022,6,6,The Gorge Amphitheatre,Summer Tour,/images/tickets/2024/gorge.jpg,Lawn tickets
2022,6,25,Dick's Sporting Goods Park,Labor Day Weekend,/images/tickets/2023/dicks.jpg,Field tickets
2022,12,2,Madison Square Garden,New Year's Eve Show,/images/tickets/2024/msg.jpg,Floor tickets
2022,8,6,The Gorge Amphitheatre,Summer Tour,/images/tickets/2024/gorge.jpg,Lawn tickets
2022,6,5,Dick's Sporting Goods Park,Labor Day Weekend,/images/tickets/2023/dicks.jpg,Field tickets
2022,11,6,Madison Square Garden,New Year's Eve Show,/images/tickets/2024/msg.jpg,Floor tickets
2022,6,6,The Gorge Amphitheatre,Summer Tour,/images/tickets/2024/gorge.jpg,Lawn tickets
2021,6,25,Madison Square Garden,New Year's Eve Show,/images/tickets/2024/msg.jpg,Floor tickets
2021,12,2,The Gorge Amphitheatre,Summer Tour,/images/tickets/2024/gorge.jpg,Lawn tickets
2021,8,6,Dick's Sporting Goods Park,Labor Day Weekend,/images/tickets/2023/dicks.jpg,Field tickets
2021,6,5,Madison Square Garden,New Year's Eve Show,/images/tickets/2024/msg.jpg,Floor tickets
2021,11,6,The Gorge Amphitheatre,Summer Tour,/images/tickets/2024/gorge.jpg,Lawn tickets
2021,6,6,Dick's Sporting Goods Park,Labor Day Weekend,/images/tickets/2023/dicks.jpg,Field tickets
2021,6,25,Madison Square Garden,New Year's Eve Show,/images/tickets/2024/msg.jpg,Floor tickets
2021,12,2,The Gorge Amphitheatre,Summer Tour,/images/tickets/2024/gorge.jpg,Lawn tickets
2021,8,6,Madison Square Garden,New Year's Eve Show,/images/tickets/2024/msg.jpg,Floor tickets
2021,6,5,The Gorge Amphitheatre,Summer Tour,/images/tickets/2024/gorge.jpg,Lawn tickets
2021,11,6,Dick's Sporting Goods Park,Labor Day Weekend,/images/tickets/2023/dicks.jpg,Field tickets
1990,6,6,Madison Square Garden,New Year's Eve Show,/images/tickets/2024/msg.jpg,Floor tickets
1990,6,25,The Gorge Amphitheatre,Summer Tour,/images/tickets/2024/gorge.jpg,Lawn tickets
1990,12,2,The Gorge Amphitheatre,Labor Day Weekend,/images/tickets/2023/dicks.jpg,Field tickets
1990,8,6,The Gorge Amphitheatre,New Year's Eve Show,/images/tickets/2024/msg.jpg,Floor tickets
1990,6,5,The Gorge Amphitheatre,Summer Tour,/images/tickets/2024/gorge.jpg,Lawn tickets
1990,11,6,The Gorge Amphitheatre,New Year's Eve Show,/images/tickets/2024/msg.jpg,Floor tickets
1920,6,6,The Gorge Amphitheatre,New Year's Eve Show,/images/tickets/2024/msg.jpg,Floor tickets
1920,6,25,The Gorge Amphitheatre,New Year's Eve Show,/images/tickets/2024/msg.jpg,Floor tickets
1920,12,2,The Gorge Amphitheatre,New Year's Eve Show,/images/tickets/2024/msg.jpg,Floor tickets
1920,8,6,The Gorge Amphitheatre,New Year's Eve Show,/images/tickets/2024/msg.jpg,Floor tickets
1920,6,5,The Gorge Amphitheatre,New Year's Eve Show,/images/tickets/2024/msg.jpg,Floor tickets
1920,11,6,The Gorge Amphitheatre,New Year's Eve Show,/images/tickets/2024/msg.jpg,Floor tickets
1920,6,6,The Gorge Amphitheatre,New Year's Eve Show,/images/tickets/2024/msg.jpg,Floor tickets
1920,6,25,The Gorge Amphitheatre,New Year's Eve Show,/images/tickets/2024/msg.jpg,Floor tickets
1920,12,2,The Gorge Amphitheatre,New Year's Eve Show,/images/tickets/2024/msg.jpg,Floor tickets
1920,8,6,The Gorge Amphitheatre,New Year's Eve Show,/images/tickets/2024/msg.jpg,Floor tickets
1920,6,5,The Gorge Amphitheatre,New Year's Eve Show,/images/tickets/2024/msg.jpg,Floor tickets
1920,11,6,The Gorge Amphitheatre,New Year's Eve Show,/images/tickets/2024/msg.jpg,Floor tickets
1920,6,6,The Gorge Amphitheatre,New Year's Eve Show,/images/tickets/2024/msg.jpg,Floor tickets
1920,6,25,The Gorge Amphitheatre,New Year's Eve Show,/images/tickets/2024/msg.jpg,Floor tickets
1920,12,2,The Gorge Amphitheatre,New Year's Eve Show,/images/tickets/2024/msg.jpg,Floor tickets